price_chf,city,postal_code,latitude,longitude,surface_m2,num_rooms,type,is_furnished,floor,wifi_incl,charges_incl,car_park,dist_public_transport_km,proxim_hesso_km,nearest_hesso_name
439,Saxon,1907,46.145513,7.177716,20.6,1.0,room,True,4,True,True,False,0.483,16.9,HES-SO Sion
579,Sion,1950,46.222898,7.355686,24.0,1.0,room,True,1,True,False,False,0.13,0.7,HES-SO Sion
288,Vétroz,1963,46.219782,7.286693,17.3,1.0,room,True,2,False,False,False,0.696,5.9,HES-SO Sion
285,Martigny,1920,46.106572,7.070666,17.1,1.0,room,True,2,False,False,False,0.072,26.21,HES-SO Sion
306,Riddes,1908,46.167935,7.215894,15.3,1.0,room,False,1,True,False,False,0.531,13.08,HES-SO Sion
413,Vétroz,1963,46.225855,7.281616,15.0,1.0,room,True,3,True,True,False,0.186,6.24,HES-SO Sion
396,Sierre,3960,46.295453,7.539265,17.8,1.0,room,False,3,False,True,False,0.123,0.49,HES-SO Sierre
430,Martigny,1920,46.103702,7.074318,21.0,1.0,room,True,3,True,True,False,0.173,26.14,HES-SO Sion
646,Leuk,3953,46.314699,7.638254,29.6,1.0,room,True,5,False,True,False,0.515,7.16,HES-SO Loeche
422,Sion,1950,46.23065,7.357512,20.7,1.0,room,False,3,True,False,False,0.064,0.56,HES-SO Sion
338,Saxon,1907,46.148989,7.172949,23.9,1.0,room,False,2,False,False,False,0.058,17.01,HES-SO Sion
483,Visp,3930,46.293095,7.879509,21.8,1.0,room,True,1,True,True,False,0.164,21.68,HES-SO Loeche
500,Leuk,3953,46.317964,7.632848,29.2,1.0,room,False,3,False,True,False,0.138,6.76,HES-SO Loeche
370,Sierre,3960,46.293717,7.53597,15.2,1.0,room,False,1,True,False,False,0.13,0.2,HES-SO Sierre
477,Fully,1926,46.133132,7.112921,25.3,1.0,room,True,3,True,False,False,0.189,21.91,HES-SO Sion
375,Conthey,1964,46.21809,7.296528,15.5,1.0,room,True,5,False,False,True,0.025,5.19,HES-SO Sion
469,Brig,3900,46.320487,7.986617,20.9,1.0,room,True,1,True,True,True,0.037,28.46,HES-SO Loeche
453,Fully,1926,46.14126,7.11548,22.8,1.0,room,True,1,True,False,False,0.38,21.32,HES-SO Sion
467,Visp,3930,46.290651,7.887324,23.5,1.0,room,True,4,True,False,False,0.131,22.34,HES-SO Loeche
413,Saxon,1907,46.150899,7.174681,16.3,1.0,room,True,3,True,True,True,0.194,16.79,HES-SO Sion
495,Sion,1950,46.228483,7.355801,15.7,1.0,room,True,4,True,True,True,0.207,0.54,HES-SO Sion
604,Sion,1950,46.231196,7.354209,27.4,1.0,room,False,1,True,True,False,0.103,0.79,HES-SO Sion
628,Vétroz,1963,46.222762,7.28043,29.5,1.0,room,False,3,True,True,True,0.362,6.35,HES-SO Sion
1385,Leuk,3953,46.315543,7.633111,41.6,1.5,entire_home,True,0,True,False,False,0.271,7.03,HES-SO Loeche
279,Riddes,1908,46.176117,7.213787,15.2,1.0,room,False,0,True,False,False,0.508,12.8,HES-SO Sion
344,Fully,1926,46.135598,7.114933,15.1,1.0,room,True,2,True,True,False,0.157,21.65,HES-SO Sion
364,Riddes,1908,46.175987,7.212963,18.0,1.0,room,True,2,False,True,False,0.54,12.86,HES-SO Sion
603,Sion,1950,46.232453,7.356152,28.9,1.0,room,False,1,False,False,False,0.162,0.78,HES-SO Sion
256,St-Maurice,1890,46.224354,7.001658,16.7,1.0,room,True,0,True,False,False,0.299,27.84,HES-SO Sion
476,Sion,1950,46.228392,7.358922,16.0,1.0,room,True,5,True,False,False,0.062,0.32,HES-SO Sion
472,Conthey,1964,46.213574,7.304608,19.9,1.0,room,True,2,True,True,False,0.284,4.71,HES-SO Sion
460,Martigny,1920,46.101038,7.076716,23.4,1.0,room,True,2,True,False,False,0.178,26.14,HES-SO Sion
314,Vétroz,1963,46.222228,7.287347,16.8,1.0,room,False,5,True,False,False,0.436,5.82,HES-SO Sion
1204,Saxon,1907,46.150855,7.174872,32.0,1.5,entire_home,True,5,False,True,True,0.198,16.78,HES-SO Sion
403,Martigny,1920,46.102059,7.068625,22.4,1.0,room,True,0,True,False,False,0.158,26.61,HES-SO Sion
408,Fully,1926,46.141437,7.112735,21.6,1.0,room,True,2,False,True,False,0.576,21.5,HES-SO Sion
302,Visp,3930,46.290645,7.887497,15.5,1.0,room,True,0,False,False,False,0.129,22.35,HES-SO Loeche
1627,St-Maurice,1890,46.217829,7.002975,62.7,3.0,entire_home,False,4,True,True,False,0.177,27.76,HES-SO Sion
315,Monthey,1870,46.247441,6.946936,23.1,1.0,room,False,4,True,False,False,0.295,32.13,HES-SO Sion
1429,Leuk,3953,46.317609,7.630119,43.8,2.0,entire_home,True,4,False,True,False,0.08,6.79,HES-SO Loeche
528,Sion,1950,46.225683,7.36249,19.4,1.0,room,True,4,False,True,False,0.13,0.15,HES-SO Sion
1413,Saxon,1907,46.145428,7.178101,44.7,3.0,entire_home,True,5,True,True,False,0.509,16.88,HES-SO Sion
457,Riddes,1908,46.169271,7.215423,28.2,1.0,room,False,1,False,True,False,0.406,13.04,HES-SO Sion
496,Riddes,1908,46.174513,7.215125,28.6,1.0,room,False,0,True,True,False,0.306,12.78,HES-SO Sion
1144,Fully,1926,46.136597,7.113905,31.9,2.0,entire_home,True,5,True,False,True,0.167,21.67,HES-SO Sion
547,Sierre,3960,46.296569,7.533391,23.0,1.0,room,False,5,False,True,True,0.048,0.55,HES-SO Sierre
276,Monthey,1870,46.248786,6.953225,18.3,1.0,room,True,2,False,False,False,0.059,31.66,HES-SO Sion
314,Brig,3900,46.316064,7.988142,17.5,1.0,room,True,0,False,True,False,0.02,28.69,HES-SO Loeche
565,Sion,1950,46.227799,7.361565,21.1,1.0,room,True,5,False,False,True,0.126,0.11,HES-SO Sion
266,Saxon,1907,46.153608,7.176532,19.5,1.0,room,True,0,False,False,False,0.337,16.51,HES-SO Sion
498,Brig,3900,46.315724,7.981257,30.0,1.0,room,False,2,False,True,False,0.074,28.19,HES-SO Loeche
373,Monthey,1870,46.251061,6.951937,15.8,1.0,room,True,4,False,False,False,0.295,31.78,HES-SO Sion
345,Fully,1926,46.139856,7.110812,20.2,1.0,room,True,0,True,False,False,0.528,21.71,HES-SO Sion
1204,Saxon,1907,46.150593,7.171234,36.3,2.0,entire_home,False,5,True,True,True,0.217,17.03,HES-SO Sion
1176,Sion,1950,46.225048,7.358251,32.1,1.5,entire_home,False,3,False,True,False,0.121,0.39,HES-SO Sion
409,Leuk,3953,46.316944,7.63144,18.6,1.0,room,True,5,True,False,False,0.073,6.86,HES-SO Loeche
452,Riddes,1908,46.17708,7.21648,20.5,1.0,room,True,3,True,False,True,0.505,12.56,HES-SO Sion
387,Fully,1926,46.139776,7.115579,27.2,1.0,room,False,0,False,False,False,0.333,21.39,HES-SO Sion
351,St-Maurice,1890,46.223015,7.000601,17.3,1.0,room,False,2,False,True,False,0.28,27.92,HES-SO Sion
507,Sierre,3960,46.294035,7.532945,15.2,1.0,room,True,2,True,True,False,0.006,0.31,HES-SO Sierre
408,St-Maurice,1890,46.215928,6.99824,27.1,1.0,room,False,3,False,False,True,0.298,28.13,HES-SO Sion
1271,Leuk,3953,46.315895,7.636698,39.7,1.5,entire_home,False,1,False,True,False,0.415,7.01,HES-SO Loeche
1740,Monthey,1870,46.254535,6.952134,60.9,3.0,entire_home,True,2,False,True,True,0.09,31.8,HES-SO Sion
453,Fully,1926,46.13339,7.109061,28.9,1.0,room,False,5,True,False,False,0.124,22.16,HES-SO Sion
570,Vétroz,1963,46.222341,7.287069,25.4,1.0,room,True,3,True,False,True,0.433,5.84,HES-SO Sion
442,Fully,1926,46.134917,7.108302,29.9,1.0,room,False,5,False,False,False,0.225,22.14,HES-SO Sion
613,Leuk,3953,46.314783,7.638512,28.5,1.0,room,True,4,False,True,False,0.505,7.15,HES-SO Loeche
555,Sion,1950,46.232599,7.357,19.2,1.0,room,True,2,True,True,False,0.161,0.75,HES-SO Sion
625,Sion,1950,46.228813,7.355885,25.9,1.0,room,True,2,True,False,False,0.214,0.55,HES-SO Sion
1399,Riddes,1908,46.171189,7.217359,43.1,1.5,entire_home,True,3,False,True,False,0.152,12.81,HES-SO Sion
415,Monthey,1870,46.252758,6.95268,16.3,1.0,room,True,3,True,True,True,0.169,31.74,HES-SO Sion
1012,Riddes,1908,46.170516,7.218143,28.2,1.5,entire_home,False,5,False,False,True,0.223,12.79,HES-SO Sion
1272,Saxon,1907,46.147812,7.178796,44.0,1.5,entire_home,False,0,False,False,False,0.331,16.69,HES-SO Sion
418,Leuk,3953,46.313761,7.634217,24.8,1.0,room,False,0,False,False,False,0.484,7.23,HES-SO Loeche
1060,Vétroz,1963,46.219684,7.286517,31.0,1.5,entire_home,False,3,False,True,False,0.702,5.92,HES-SO Sion
454,Vétroz,1963,46.223103,7.28179,26.2,1.0,room,False,2,True,False,False,0.342,6.24,HES-SO Sion
520,Riddes,1908,46.170084,7.214097,24.9,1.0,room,False,0,True,True,True,0.396,13.09,HES-SO Sion
422,St-Maurice,1890,46.218464,7.001652,24.5,1.0,room,False,5,False,False,False,0.234,27.86,HES-SO Sion
366,Sierre,3960,46.289842,7.534644,18.7,1.0,room,False,5,False,False,False,0.112,0.24,HES-SO Sierre
527,St-Maurice,1890,46.219904,6.999618,28.6,1.0,room,False,2,False,True,True,0.431,28.01,HES-SO Sion
1399,Martigny,1920,46.100155,7.074729,41.5,2.0,entire_home,True,5,True,False,True,0.271,26.32,HES-SO Sion
659,Vétroz,1963,46.226766,7.283246,28.0,1.0,room,True,3,True,False,False,0.127,6.11,HES-SO Sion
536,Visp,3930,46.291023,7.88568,25.8,1.0,room,True,2,True,False,False,0.104,22.2,HES-SO Loeche
311,Visp,3930,46.294379,7.886128,15.7,1.0,room,True,3,False,False,False,0.069,22.07,HES-SO Loeche
1764,Brig,3900,46.313544,7.978814,63.5,3.0,entire_home,True,4,True,False,False,0.091,28.07,HES-SO Loeche
587,Vétroz,1963,46.223294,7.278536,26.2,1.0,room,False,4,True,True,True,0.27,6.49,HES-SO Sion
509,Riddes,1908,46.171662,7.217261,28.9,1.0,room,False,0,False,False,False,0.105,12.79,HES-SO Sion
748,Vétroz,1963,46.2269,7.281054,29.7,1.0,room,True,3,True,True,False,0.238,6.28,HES-SO Sion
447,Sierre,3960,46.288471,7.532338,19.4,1.0,room,True,4,False,False,False,0.175,0.46,HES-SO Sierre
348,Fully,1926,46.136013,7.108015,22.3,1.0,room,False,1,True,True,False,0.327,22.1,HES-SO Sion
1220,Riddes,1908,46.175412,7.217198,37.5,2.0,entire_home,False,5,True,True,False,0.312,12.6,HES-SO Sion
352,Monthey,1870,46.255266,6.944314,16.5,1.0,room,False,5,False,False,True,0.118,32.41,HES-SO Sion
269,St-Maurice,1890,46.217441,7.000125,20.4,1.0,room,False,2,False,True,False,0.19,27.98,HES-SO Sion
577,Leuk,3953,46.319345,7.635037,27.7,1.0,room,True,0,True,False,False,0.127,6.62,HES-SO Loeche
390,Riddes,1908,46.175063,7.216005,25.5,1.0,room,False,4,True,False,False,0.312,12.7,HES-SO Sion
249,Fully,1926,46.142791,7.1104,18.8,1.0,room,False,4,True,True,False,0.796,21.6,HES-SO Sion
266,St-Maurice,1890,46.219355,7.002726,16.2,1.0,room,True,0,False,True,False,0.312,27.77,HES-SO Sion
1054,Brig,3900,46.312859,7.986025,29.2,1.5,entire_home,False,5,False,True,True,0.104,28.62,HES-SO Loeche
468,Brig,3900,46.317926,7.983285,26.9,1.0,room,True,3,True,False,False,0.084,28.28,HES-SO Loeche
532,Monthey,1870,46.251381,6.950583,25.1,1.0,room,True,2,True,False,False,0.255,31.89,HES-SO Sion
1268,Conthey,1964,46.21608,7.297247,35.9,1.5,entire_home,False,5,True,True,False,0.214,5.18,HES-SO Sion
251,St-Maurice,1890,46.217319,7.003154,15.5,1.0,room,False,3,False,True,False,0.135,27.75,HES-SO Sion
240,Visp,3930,46.291836,7.887819,15.6,1.0,room,True,5,True,False,False,0.072,22.31,HES-SO Loeche
561,Leuk,3953,46.315399,7.636877,27.4,1.0,room,True,3,False,False,False,0.461,7.07,HES-SO Loeche
336,Vétroz,1963,46.226989,7.282896,18.2,1.0,room,False,4,False,False,False,0.162,6.14,HES-SO Sion
1172,Conthey,1964,46.215772,7.304329,31.3,2.0,entire_home,False,5,True,False,True,0.07,4.66,HES-SO Sion
465,St-Maurice,1890,46.21913,7.005234,23.1,1.0,room,True,3,False,True,True,0.183,27.58,HES-SO Sion
1253,Vétroz,1963,46.22032,7.279004,40.6,1.5,entire_home,False,1,True,True,False,0.602,6.48,HES-SO Sion
295,Saxon,1907,46.1541,7.171048,15.4,1.0,room,False,4,False,False,False,0.555,16.86,HES-SO Sion
379,Brig,3900,46.320223,7.986893,25.3,1.0,room,False,0,False,True,False,0.073,28.49,HES-SO Loeche
1007,Martigny,1920,46.103312,7.076509,30.9,1.5,entire_home,False,0,True,True,False,0.11,26.02,HES-SO Sion
289,St-Maurice,1890,46.217395,6.996389,16.4,1.0,room,True,0,False,False,False,0.451,28.27,HES-SO Sion
588,Visp,3930,46.290442,7.882721,24.9,1.0,room,True,4,True,True,True,0.2,22.03,HES-SO Loeche
1371,Leuk,3953,46.318197,7.631408,39.2,2.0,entire_home,True,4,False,False,False,0.073,6.72,HES-SO Loeche
1162,Saxon,1907,46.144494,7.178346,38.4,2.0,entire_home,True,2,False,False,False,0.604,16.92,HES-SO Sion
377,Monthey,1870,46.253389,6.947843,26.4,1.0,room,False,0,True,False,False,0.049,32.12,HES-SO Sion
449,Sierre,3960,46.289272,7.536319,20.1,1.0,room,False,3,True,False,False,0.071,0.3,HES-SO Sierre
1596,Vétroz,1963,46.225651,7.285783,51.9,3.0,entire_home,False,1,True,False,True,0.137,5.92,HES-SO Sion
515,Martigny,1920,46.103209,7.074078,26.5,1.0,room,True,4,True,True,False,0.151,26.18,HES-SO Sion
296,Fully,1926,46.133434,7.109349,21.5,1.0,room,False,1,False,False,False,0.102,22.14,HES-SO Sion
358,Visp,3930,46.295865,7.887365,24.2,1.0,room,False,4,True,False,False,0.149,22.09,HES-SO Loeche
986,Fully,1926,46.142774,7.108651,28.3,1.5,entire_home,False,2,True,True,False,0.876,21.72,HES-SO Sion
1655,Martigny,1920,46.105601,7.074542,52.6,2.5,entire_home,True,0,False,True,True,0.136,26.01,HES-SO Sion
537,Sierre,3960,46.291448,7.537328,24.2,1.0,room,False,1,False,True,False,0.198,0.14,HES-SO Sierre
318,Fully,1926,46.13335,7.114542,15.4,1.0,room,True,2,True,False,False,0.194,21.79,HES-SO Sion
494,Monthey,1870,46.253492,6.944767,23.6,1.0,room,True,0,False,False,True,0.197,32.35,HES-SO Sion
336,Martigny,1920,46.105873,7.068657,21.9,1.0,room,False,2,True,False,False,0.133,26.39,HES-SO Sion
459,Fully,1926,46.139257,7.115091,27.3,1.0,room,False,1,True,False,False,0.283,21.45,HES-SO Sion
285,Martigny,1920,46.105555,7.068294,18.1,1.0,room,False,4,True,False,False,0.178,26.43,HES-SO Sion
573,Sierre,3960,46.29639,7.538842,19.8,1.0,room,True,1,True,True,False,0.094,0.56,HES-SO Sierre
511,Martigny,1920,46.106888,7.07517,25.2,1.0,room,True,5,True,True,False,0.135,25.9,HES-SO Sion
335,Visp,3930,46.295886,7.88456,16.8,1.0,room,True,4,True,False,False,0.145,21.89,HES-SO Loeche
546,Sierre,3960,46.293511,7.530858,20.2,1.0,room,True,2,False,True,False,0.109,0.41,HES-SO Sierre
640,Sion,1950,46.223868,7.35771,27.1,1.0,room,True,0,False,False,False,0.107,0.51,HES-SO Sion
521,Conthey,1964,46.217937,7.29952,23.2,1.0,room,True,4,False,False,False,0.13,4.96,HES-SO Sion
758,Sion,1950,46.223208,7.35829,29.9,1.0,room,True,3,False,False,True,0.077,0.53,HES-SO Sion
356,Sierre,3960,46.290121,7.532083,20.6,1.0,room,False,5,False,False,False,0.137,0.34,HES-SO Sierre
524,Vétroz,1963,46.221302,7.285931,25.2,1.0,room,True,0,False,False,False,0.517,5.94,HES-SO Sion
379,Leuk,3953,46.315389,7.633535,18.6,1.0,room,True,5,False,False,False,0.304,7.05,HES-SO Loeche
1389,Monthey,1870,46.250743,6.945126,42.0,1.5,entire_home,True,5,True,True,False,0.206,32.3,HES-SO Sion
309,St-Maurice,1890,46.221788,7.004218,19.5,1.0,room,False,2,True,False,False,0.052,27.65,HES-SO Sion
1273,Saxon,1907,46.153811,7.174529,44.2,1.5,entire_home,False,2,False,False,True,0.419,16.64,HES-SO Sion
542,Conthey,1964,46.214127,7.301567,22.4,1.0,room,True,4,False,False,True,0.314,4.91,HES-SO Sion
1217,Monthey,1870,46.252741,6.951672,37.4,1.5,entire_home,False,4,True,True,True,0.138,31.82,HES-SO Sion
637,Riddes,1908,46.17059,7.214698,26.3,1.0,room,True,0,False,True,True,0.324,13.02,HES-SO Sion
430,Saxon,1907,46.154118,7.171218,29.5,1.0,room,False,0,False,False,False,0.553,16.84,HES-SO Sion
1346,Brig,3900,46.314816,7.981544,40.9,1.5,entire_home,True,3,True,True,False,0.083,28.24,HES-SO Loeche
416,Sion,1950,46.22934,7.356221,21.4,1.0,room,False,1,False,False,False,0.191,0.55,HES-SO Sion
314,Riddes,1908,46.172623,7.214752,20.9,1.0,room,False,2,False,True,False,0.24,12.91,HES-SO Sion
1054,Vétroz,1963,46.217548,7.280044,29.4,2.0,entire_home,False,2,False,False,True,0.885,6.45,HES-SO Sion
470,Fully,1926,46.14057,7.107457,23.7,1.0,room,True,4,False,True,False,0.697,21.91,HES-SO Sion
1650,St-Maurice,1890,46.214823,6.996287,63.7,2.5,entire_home,False,0,False,False,True,0.477,28.29,HES-SO Sion
1516,Leuk,3953,46.312209,7.632248,54.8,3.0,entire_home,False,3,True,False,False,0.601,7.39,HES-SO Loeche
421,Martigny,1920,46.101357,7.071304,26.7,1.0,room,False,5,False,True,False,0.159,26.47,HES-SO Sion
438,Visp,3930,46.288764,7.884932,25.6,1.0,room,True,1,False,False,False,0.088,22.26,HES-SO Loeche
455,Saxon,1907,46.15255,7.172663,22.0,1.0,room,True,1,True,True,False,0.357,16.83,HES-SO Sion
363,Saxon,1907,46.145154,7.179813,26.1,1.0,room,False,4,False,False,False,0.62,16.78,HES-SO Sion
418,Saxon,1907,46.147561,7.174698,25.2,1.0,room,False,3,False,True,False,0.17,16.98,HES-SO Sion
691,Sierre,3960,46.290004,7.535119,29.4,1.0,room,False,3,True,True,False,0.127,0.21,HES-SO Sierre
1104,Conthey,1964,46.215845,7.300803,31.8,1.5,entire_home,False,5,True,False,False,0.254,4.92,HES-SO Sion
618,Conthey,1964,46.213509,7.295619,27.0,1.0,room,False,4,True,True,True,0.506,5.37,HES-SO Sion
555,St-Maurice,1890,46.218778,7.000494,29.9,1.0,room,True,4,False,False,False,0.293,27.94,HES-SO Sion
399,Leuk,3953,46.316088,7.632384,18.8,1.0,room,False,2,True,False,True,0.19,6.96,HES-SO Loeche
1223,Saxon,1907,46.148266,7.17282,38.7,2.0,entire_home,False,5,True,True,False,0.123,17.06,HES-SO Sion
361,Monthey,1870,46.256677,6.950585,19.4,1.0,room,True,0,False,False,False,0.085,31.94,HES-SO Sion
1377,Brig,3900,46.319832,7.985001,43.3,1.5,entire_home,False,0,False,True,True,0.071,28.36,HES-SO Loeche
659,Visp,3930,46.297512,7.882017,28.7,1.0,room,True,1,True,True,False,0.26,21.64,HES-SO Loeche
345,Monthey,1870,46.255444,6.944611,19.2,1.0,room,True,3,False,True,False,0.102,32.38,HES-SO Sion
459,Visp,3930,46.289622,7.886913,24.7,1.0,room,True,1,False,True,False,0.054,22.36,HES-SO Loeche
312,Saxon,1907,46.151596,7.179996,20.4,1.0,room,False,3,True,True,False,0.222,16.39,HES-SO Sion
510,Riddes,1908,46.175344,7.22034,29.8,1.0,room,False,5,False,False,False,0.341,12.38,HES-SO Sion
1097,Conthey,1964,46.217275,7.304663,32.6,2.0,entire_home,False,4,True,False,False,0.11,4.59,HES-SO Sion
654,Conthey,1964,46.221343,7.302114,28.7,1.0,room,True,4,False,True,False,0.229,4.7,HES-SO Sion
1211,Monthey,1870,46.251493,6.948734,37.9,1.5,entire_home,True,0,False,False,False,0.144,32.03,HES-SO Sion
525,Leuk,3953,46.312533,7.63402,21.3,1.0,room,True,5,False,True,True,0.601,7.37,HES-SO Loeche
654,Sierre,3960,46.295292,7.5371,27.2,1.0,room,True,0,True,False,False,0.187,0.39,HES-SO Sierre
397,Fully,1926,46.140061,7.107088,20.7,1.0,room,False,1,True,True,True,0.665,21.96,HES-SO Sion
429,Martigny,1920,46.10535,7.072788,27.6,1.0,room,False,4,True,False,False,0.247,26.14,HES-SO Sion
350,Sierre,3960,46.287377,7.534798,16.0,1.0,room,False,0,True,True,False,0.166,0.51,HES-SO Sierre
282,Fully,1926,46.139067,7.105864,15.8,1.0,room,True,5,True,False,False,0.646,22.09,HES-SO Sion
609,Vétroz,1963,46.220528,7.283707,25.4,1.0,room,True,4,False,True,False,0.582,6.12,HES-SO Sion
593,Conthey,1964,46.217073,7.304883,29.2,1.0,room,False,1,False,True,False,0.102,4.58,HES-SO Sion
319,Brig,3900,46.314237,7.978462,20.7,1.0,room,False,4,True,True,False,0.041,28.02,HES-SO Loeche
451,St-Maurice,1890,46.221967,6.997434,29.3,1.0,room,False,4,True,False,False,0.512,28.17,HES-SO Sion
331,Fully,1926,46.139417,7.113815,18.1,1.0,room,False,0,True,False,False,0.338,21.53,HES-SO Sion
1425,Riddes,1908,46.169495,7.211719,49.0,3.0,entire_home,False,1,False,True,False,0.453,13.28,HES-SO Sion
342,Martigny,1920,46.099861,7.075921,22.5,1.0,room,False,5,False,True,False,0.287,26.26,HES-SO Sion
1737,Leuk,3953,46.320895,7.636433,61.3,3.0,entire_home,False,5,True,False,False,0.256,6.46,HES-SO Loeche
1760,Brig,3900,46.320943,7.983493,64.2,3.0,entire_home,True,5,False,True,False,0.161,28.22,HES-SO Loeche
329,Brig,3900,46.312726,7.981579,17.0,1.0,room,False,4,False,True,False,0.102,28.3,HES-SO Loeche
1553,Brig,3900,46.316171,7.985568,55.5,3.0,entire_home,False,1,True,True,False,0.087,28.5,HES-SO Loeche
585,Leuk,3953,46.315633,7.637011,24.1,1.0,room,True,1,True,False,True,0.433,7.05,HES-SO Loeche
550,Sierre,3960,46.28926,7.537052,20.9,1.0,room,True,2,True,False,False,0.046,0.31,HES-SO Sierre
294,Brig,3900,46.316139,7.979069,23.2,1.0,room,False,0,False,False,False,0.159,28.01,HES-SO Loeche
425,Martigny,1920,46.106605,7.067559,26.8,1.0,room,False,3,True,False,False,0.173,26.42,HES-SO Sion
447,St-Maurice,1890,46.218863,7.006064,25.5,1.0,room,False,4,True,True,True,0.15,27.51,HES-SO Sion
368,Sierre,3960,46.29142,7.539587,17.2,1.0,room,True,0,False,False,False,0.276,0.31,HES-SO Sierre
1253,Conthey,1964,46.217422,7.303913,35.8,2.0,entire_home,False,1,True,True,False,0.114,4.64,HES-SO Sion
429,Riddes,1908,46.168889,7.219204,24.3,1.0,room,False,1,False,True,False,0.302,12.81,HES-SO Sion
317,Sierre,3960,46.287557,7.534582,18.6,1.0,room,False,2,False,False,False,0.149,0.49,HES-SO Sierre
513,Sierre,3960,46.288153,7.53377,23.1,1.0,room,False,2,False,True,False,0.124,0.44,HES-SO Sierre
335,Riddes,1908,46.173013,7.217178,17.7,1.0,room,True,0,False,True,False,0.076,12.72,HES-SO Sion
601,Conthey,1964,46.21353,7.296647,28.5,1.0,room,True,2,False,False,False,0.495,5.3,HES-SO Sion
417,Monthey,1870,46.248963,6.953164,24.0,1.0,room,False,2,True,True,False,0.071,31.67,HES-SO Sion
330,Vétroz,1963,46.218542,7.284587,15.6,1.0,room,False,4,True,True,True,0.803,6.08,HES-SO Sion
260,Saxon,1907,46.15211,7.172947,15.5,1.0,room,False,5,True,False,False,0.305,16.84,HES-SO Sion
367,Conthey,1964,46.214897,7.304567,16.8,1.0,room,False,0,False,False,True,0.141,4.67,HES-SO Sion
359,Sion,1950,46.224181,7.357656,16.9,1.0,room,False,1,True,False,False,0.14,0.49,HES-SO Sion
1240,Brig,3900,46.319042,7.986908,39.7,2.0,entire_home,False,0,True,False,True,0.04,28.52,HES-SO Loeche
468,Sierre,3960,46.289575,7.533079,25.3,1.0,room,False,5,False,False,False,0.168,0.32,HES-SO Sierre
325,Visp,3930,46.296135,7.887938,17.4,1.0,room,True,4,True,False,False,0.202,22.12,HES-SO Loeche
456,Fully,1926,46.138088,7.108785,29.8,1.0,room,False,5,False,True,False,0.411,21.94,HES-SO Sion
281,Brig,3900,46.312187,7.981114,18.5,1.0,room,False,3,False,True,False,0.129,28.28,HES-SO Loeche
416,Leuk,3953,46.313339,7.631645,26.2,1.0,room,False,5,False,True,False,0.471,7.27,HES-SO Loeche
317,Vétroz,1963,46.222618,7.281625,17.2,1.0,room,False,2,False,False,False,0.395,6.26,HES-SO Sion
1492,Vétroz,1963,46.223804,7.279188,52.8,3.0,entire_home,False,3,False,False,False,0.22,6.44,HES-SO Sion
273,Martigny,1920,46.103025,7.071314,16.6,1.0,room,True,1,True,False,False,0.078,26.38,HES-SO Sion
274,Conthey,1964,46.21657,7.301063,16.6,1.0,room,False,4,False,True,False,0.227,4.88,HES-SO Sion
253,Vétroz,1963,46.224393,7.280992,17.7,1.0,room,False,0,False,False,False,0.244,6.29,HES-SO Sion
306,Brig,3900,46.315012,7.979396,20.1,1.0,room,False,0,True,False,False,0.098,28.07,HES-SO Loeche
478,Saxon,1907,46.152229,7.178062,25.2,1.0,room,True,2,False,True,False,0.182,16.49,HES-SO Sion
564,St-Maurice,1890,46.220597,7.004512,23.8,1.0,room,True,5,True,True,False,0.187,27.63,HES-SO Sion
300,Fully,1926,46.136237,7.107214,23.8,1.0,room,False,0,False,True,False,0.387,22.14,HES-SO Sion
414,Conthey,1964,46.214073,7.29825,20.1,1.0,room,False,3,False,True,False,0.449,5.16,HES-SO Sion
479,Conthey,1964,46.215423,7.298543,24.7,1.0,room,False,1,False,True,False,0.314,5.1,HES-SO Sion
1362,Monthey,1870,46.252581,6.945849,48.3,2.5,entire_home,False,0,True,False,True,0.11,32.26,HES-SO Sion
281,Brig,3900,46.317305,7.987645,18.6,1.0,room,False,5,True,False,False,0.063,28.62,HES-SO Loeche
1636,Leuk,3953,46.320184,7.638546,52.2,2.5,entire_home,True,5,False,True,True,0.099,6.56,HES-SO Loeche
323,Fully,1926,46.13966,7.113173,17.8,1.0,room,False,5,False,True,True,0.388,21.56,HES-SO Sion
377,St-Maurice,1890,46.220268,6.998525,15.1,1.0,room,True,5,True,True,True,0.48,28.09,HES-SO Sion
359,Brig,3900,46.318874,7.979305,18.9,1.0,room,True,5,True,False,False,0.357,27.96,HES-SO Loeche
1506,Fully,1926,46.137874,7.107695,53.9,2.5,entire_home,False,1,True,True,False,0.452,22.03,HES-SO Sion
1064,Martigny,1920,46.102352,7.074531,32.8,2.0,entire_home,False,3,True,True,False,0.094,26.2,HES-SO Sion
556,Leuk,3953,46.31988,7.630863,26.0,1.0,room,False,3,True,True,False,0.201,6.54,HES-SO Loeche
293,Vétroz,1963,46.218073,7.28783,16.7,1.0,room,False,1,True,False,False,0.694,5.85,HES-SO Sion
397,Riddes,1908,46.168626,7.212925,22.6,1.0,room,False,3,True,True,False,0.426,13.24,HES-SO Sion
314,Riddes,1908,46.17045,7.218044,19.8,1.0,room,False,2,False,False,True,0.23,12.8,HES-SO Sion
287,Saxon,1907,46.145354,7.180117,17.0,1.0,room,True,1,True,False,False,0.623,16.75,HES-SO Sion
503,Fully,1926,46.140638,7.11524,29.8,1.0,room,True,4,False,False,False,0.381,21.37,HES-SO Sion
380,Sion,1950,46.229278,7.358154,17.1,1.0,room,False,0,True,False,False,0.123,0.42,HES-SO Sion
444,Martigny,1920,46.099191,7.068636,26.4,1.0,room,False,2,False,False,False,0.128,26.78,HES-SO Sion
524,Riddes,1908,46.174141,7.213484,26.9,1.0,room,True,0,False,False,True,0.383,12.92,HES-SO Sion
1393,Vétroz,1963,46.218122,7.286288,42.5,2.0,entire_home,True,3,True,False,False,0.813,5.96,HES-SO Sion
337,Fully,1926,46.134262,7.107754,17.7,1.0,room,True,2,False,True,False,0.23,22.21,HES-SO Sion
573,Conthey,1964,46.216154,7.300639,28.9,1.0,room,False,5,True,False,False,0.26,4.92,HES-SO Sion
642,Sion,1950,46.230058,7.359283,27.0,1.0,room,False,2,True,True,False,0.088,0.42,HES-SO Sion
489,Sierre,3960,46.296761,7.535321,17.5,1.0,room,True,4,True,False,False,0.108,0.54,HES-SO Sierre
641,Leuk,3953,46.316485,7.638171,28.6,1.0,room,True,0,True,False,True,0.319,6.96,HES-SO Loeche
1370,Conthey,1964,46.215931,7.296273,42.9,1.5,entire_home,True,0,False,False,False,0.232,5.26,HES-SO Sion
561,Conthey,1964,46.216241,7.298793,25.7,1.0,room,False,2,False,True,False,0.246,5.06,HES-SO Sion
554,St-Maurice,1890,46.222055,6.996422,24.4,1.0,room,True,0,True,True,True,0.59,28.25,HES-SO Sion
501,Vétroz,1963,46.217336,7.283978,18.5,1.0,room,True,0,True,True,False,0.936,6.15,HES-SO Sion
431,Martigny,1920,46.102398,7.074844,20.9,1.0,room,True,1,False,True,False,0.069,26.18,HES-SO Sion
369,St-Maurice,1890,46.220161,7.001875,24.4,1.0,room,False,2,True,False,False,0.287,27.83,HES-SO Sion
382,Saxon,1907,46.149613,7.174436,21.5,1.0,room,True,2,False,False,True,0.075,16.88,HES-SO Sion
334,Brig,3900,46.321116,7.985013,17.1,1.0,room,False,4,False,False,True,0.116,28.33,HES-SO Loeche
501,Leuk,3953,46.313839,7.634379,22.4,1.0,room,True,5,False,True,False,0.483,7.22,HES-SO Loeche
487,Sion,1950,46.228224,7.363178,17.3,1.0,room,True,0,False,True,False,0.121,0.15,HES-SO Sion
1381,Brig,3900,46.318167,7.987522,40.0,1.5,entire_home,True,2,True,False,True,0.096,28.59,HES-SO Loeche
643,Vétroz,1963,46.223029,7.286736,28.2,1.0,room,True,0,False,True,False,0.369,5.86,HES-SO Sion
298,Brig,3900,46.314732,7.98739,16.5,1.0,room,True,4,True,False,False,0.078,28.67,HES-SO Loeche
1498,St-Maurice,1890,46.220444,6.998145,59.9,2.5,entire_home,False,4,False,False,False,0.499,28.12,HES-SO Sion
1509,Brig,3900,46.314784,7.981896,52.2,3.0,entire_home,True,3,False,False,False,0.079,28.26,HES-SO Loeche
1303,Brig,3900,46.314829,7.978757,38.9,2.0,entire_home,True,2,False,False,True,0.101,28.03,HES-SO Loeche
1405,Martigny,1920,46.100299,7.071098,54.1,3.0,entire_home,False,1,False,False,False,0.076,26.55,HES-SO Sion
262,Saxon,1907,46.151796,7.174908,17.7,1.0,room,False,1,True,True,False,0.235,16.72,HES-SO Sion
1175,Fully,1926,46.13494,7.114594,33.8,1.5,entire_home,True,5,True,True,False,0.107,21.7,HES-SO Sion
599,Leuk,3953,46.313375,7.635307,29.2,1.0,room,True,3,True,True,False,0.565,7.28,HES-SO Loeche
1679,Brig,3900,46.312305,7.984677,62.8,3.0,entire_home,False,5,True,True,False,0.196,28.54,HES-SO Loeche
444,Leuk,3953,46.312119,7.634294,25.9,1.0,room,False,2,True,False,False,0.652,7.41,HES-SO Loeche
498,Visp,3930,46.28907,7.879563,29.0,1.0,room,True,3,False,False,False,0.081,21.88,HES-SO Loeche
398,Leuk,3953,46.31279,7.638593,16.0,1.0,room,True,2,True,False,False,0.424,7.37,HES-SO Loeche
590,Sierre,3960,46.293437,7.539182,26.0,1.0,room,True,0,False,False,False,0.337,0.32,HES-SO Sierre
323,Fully,1926,46.133661,7.105795,16.7,1.0,room,False,4,False,False,False,0.216,22.37,HES-SO Sion
393,Sierre,3960,46.295848,7.539792,17.5,1.0,room,False,3,False,True,False,0.066,0.54,HES-SO Sierre
535,Saxon,1907,46.153656,7.179293,23.9,1.0,room,True,4,True,False,True,0.363,16.32,HES-SO Sion
333,Martigny,1920,46.10287,7.074823,20.7,1.0,room,False,4,True,False,False,0.082,26.15,HES-SO Sion
282,Martigny,1920,46.102667,7.075794,15.1,1.0,room,False,0,False,True,False,0.02,26.1,HES-SO Sion
1102,St-Maurice,1890,46.221642,7.001108,29.9,1.5,entire_home,True,3,False,True,False,0.238,27.89,HES-SO Sion
302,Brig,3900,46.317752,7.984439,20.2,1.0,room,False,1,True,False,False,0.114,28.37,HES-SO Loeche
1469,Fully,1926,46.138006,7.109258,52.0,3.0,entire_home,True,2,False,True,False,0.382,21.91,HES-SO Sion
413,Monthey,1870,46.254981,6.950731,21.8,1.0,room,True,2,False,True,False,0.123,31.91,HES-SO Sion
1299,Brig,3900,46.315307,7.979215,46.2,3.0,entire_home,False,0,False,True,True,0.11,28.05,HES-SO Loeche
599,Visp,3930,46.29231,7.88417,28.7,1.0,room,True,0,True,True,False,0.084,22.04,HES-SO Loeche
1279,Sierre,3960,46.292869,7.538444,41.3,1.5,entire_home,False,2,False,False,False,0.336,0.24,HES-SO Sierre
1395,St-Maurice,1890,46.223411,7.005152,44.3,2.0,entire_home,False,0,True,True,True,0.154,27.57,HES-SO Sion
386,Monthey,1870,46.251931,6.944233,23.4,1.0,room,False,5,False,False,False,0.217,32.38,HES-SO Sion
367,Brig,3900,46.314217,7.980766,16.0,1.0,room,True,2,False,True,True,0.111,28.19,HES-SO Loeche
336,Sion,1950,46.232088,7.356822,18.1,1.0,room,False,2,False,False,False,0.118,0.72,HES-SO Sion
342,Saxon,1907,46.154142,7.171661,24.4,1.0,room,True,4,False,False,False,0.546,16.81,HES-SO Sion
449,Leuk,3953,46.321687,7.631914,22.1,1.0,room,False,2,True,False,False,0.275,6.34,HES-SO Loeche
333,Riddes,1908,46.171429,7.212439,21.6,1.0,room,True,1,True,False,False,0.435,13.13,HES-SO Sion
334,Martigny,1920,46.101385,7.070213,22.5,1.0,room,False,2,False,True,False,0.133,26.54,HES-SO Sion
431,Martigny,1920,46.099527,7.068841,27.9,1.0,room,False,2,True,False,False,0.116,26.74,HES-SO Sion
1520,Fully,1926,46.138922,7.111044,49.3,3.0,entire_home,True,1,False,True,True,0.423,21.74,HES-SO Sion
504,Martigny,1920,46.103576,7.07085,27.0,1.0,room,True,3,False,False,False,0.091,26.37,HES-SO Sion
585,Leuk,3953,46.313059,7.629986,27.6,1.0,room,True,4,False,False,False,0.509,7.29,HES-SO Loeche
317,Riddes,1908,46.174296,7.218204,18.8,1.0,room,True,2,False,True,False,0.179,12.58,HES-SO Sion
467,Sierre,3960,46.288061,7.540007,22.6,1.0,room,False,5,False,False,False,0.086,0.55,HES-SO Sierre
500,Conthey,1964,46.216829,7.299762,28.3,1.0,room,False,3,False,True,False,0.227,4.97,HES-SO Sion
437,Riddes,1908,46.174608,7.211526,18.6,1.0,room,True,1,True,True,False,0.541,13.03,HES-SO Sion
1424,Conthey,1964,46.213601,7.300598,44.4,2.0,entire_home,False,3,True,True,False,0.407,5.0,HES-SO Sion
1546,Leuk,3953,46.315956,7.636374,56.7,3.0,entire_home,False,4,False,True,False,0.419,7.0,HES-SO Loeche
272,Martigny,1920,46.099783,7.074338,16.3,1.0,room,True,1,True,False,False,0.293,26.37,HES-SO Sion
249,Fully,1926,46.13424,7.112407,16.3,1.0,room,False,4,False,False,False,0.091,21.89,HES-SO Sion
558,Brig,3900,46.31522,7.982879,28.4,1.0,room,False,4,True,True,False,0.057,28.32,HES-SO Loeche
286,Martigny,1920,46.100054,7.06913,20.1,1.0,room,False,1,False,True,False,0.079,26.69,HES-SO Sion
379,Leuk,3953,46.313858,7.635355,15.5,1.0,room,True,3,True,False,False,0.524,7.23,HES-SO Loeche
414,Visp,3930,46.291146,7.88311,24.4,1.0,room,False,5,True,False,True,0.131,22.02,HES-SO Loeche
521,Leuk,3953,46.321638,7.634054,27.9,1.0,room,False,2,False,False,False,0.25,6.36,HES-SO Loeche
697,Sierre,3960,46.292554,7.538559,29.2,1.0,room,True,5,False,True,False,0.341,0.24,HES-SO Sierre
411,Visp,3930,46.295807,7.884257,23.5,1.0,room,False,2,True,True,False,0.158,21.88,HES-SO Loeche
1474,Conthey,1964,46.220233,7.298669,43.2,1.5,entire_home,False,0,True,False,True,0.201,4.98,HES-SO Sion
1475,Saxon,1907,46.151913,7.173277,58.5,3.0,entire_home,False,1,False,True,False,0.281,16.82,HES-SO Sion
1706,Sierre,3960,46.294656,7.532969,55.8,2.5,entire_home,False,0,True,True,False,0.044,0.37,HES-SO Sierre
521,Martigny,1920,46.105054,7.073001,29.8,1.0,room,True,1,False,False,False,0.224,26.15,HES-SO Sion
1298,Monthey,1870,46.256524,6.948744,43.3,1.5,entire_home,True,1,False,True,False,0.222,32.08,HES-SO Sion
351,Saxon,1907,46.145669,7.178961,23.3,1.0,room,False,0,True,False,False,0.533,16.81,HES-SO Sion
516,Vétroz,1963,46.223324,7.284278,22.5,1.0,room,True,3,True,False,False,0.271,6.05,HES-SO Sion
406,Monthey,1870,46.253947,6.952373,24.0,1.0,room,False,0,False,True,False,0.081,31.77,HES-SO Sion
332,St-Maurice,1890,46.215331,7.005822,22.4,1.0,room,False,1,True,False,False,0.035,27.55,HES-SO Sion
419,Leuk,3953,46.320248,7.633947,20.7,1.0,room,False,1,False,True,False,0.1,6.51,HES-SO Loeche
464,Fully,1926,46.140983,7.114642,21.3,1.0,room,True,1,True,False,True,0.433,21.39,HES-SO Sion
1048,Visp,3930,46.292413,7.878607,29.4,2.0,entire_home,True,3,False,True,False,0.199,21.65,HES-SO Loeche
457,Monthey,1870,46.247933,6.947204,26.6,1.0,room,True,4,True,False,False,0.237,32.12,HES-SO Sion
394,St-Maurice,1890,46.221394,6.998441,20.3,1.0,room,True,0,True,True,False,0.444,28.09,HES-SO Sion
496,Visp,3930,46.293937,7.883794,25.8,1.0,room,True,2,False,True,False,0.152,21.93,HES-SO Loeche
713,Leuk,3953,46.31894,7.633777,29.3,1.0,room,True,5,True,True,False,0.062,6.66,HES-SO Loeche
550,Monthey,1870,46.248371,6.951335,26.0,1.0,room,True,0,True,True,False,0.205,31.8,HES-SO Sion
411,Sion,1950,46.228703,7.355141,17.4,1.0,room,True,3,True,False,False,0.23,0.6,HES-SO Sion
285,Fully,1926,46.1417,7.106567,15.8,1.0,room,True,5,False,False,False,0.84,21.92,HES-SO Sion
452,Brig,3900,46.319611,7.980778,20.2,1.0,room,True,0,False,True,False,0.26,28.05,HES-SO Loeche
328,Saxon,1907,46.153158,7.172354,21.2,1.0,room,True,4,False,False,False,0.428,16.82,HES-SO Sion
416,Riddes,1908,46.176479,7.220847,18.7,1.0,room,True,2,True,False,False,0.471,12.29,HES-SO Sion
1436,Sierre,3960,46.292183,7.540377,41.9,2.5,entire_home,True,3,False,False,True,0.379,0.37,HES-SO Sierre
1364,Saxon,1907,46.146128,7.17501,38.0,1.5,entire_home,True,2,True,True,True,0.33,17.04,HES-SO Sion
381,Sion,1950,46.231826,7.362987,19.7,1.0,room,False,2,False,False,False,0.106,0.54,HES-SO Sion
506,Sierre,3960,46.293305,7.535977,17.8,1.0,room,True,5,False,True,False,0.168,0.16,HES-SO Sierre
549,Martigny,1920,46.106743,7.068854,29.4,1.0,room,True,2,False,False,False,0.072,26.32,HES-SO Sion
402,Martigny,1920,46.097579,7.068162,24.9,1.0,room,False,5,True,False,False,0.095,26.9,HES-SO Sion
468,Saxon,1907,46.151807,7.171494,24.6,1.0,room,True,0,True,False,False,0.308,16.95,HES-SO Sion
519,Conthey,1964,46.217172,7.303225,25.4,1.0,room,False,0,True,False,False,0.104,4.7,HES-SO Sion
1862,Sierre,3960,46.294614,7.530894,63.6,2.5,entire_home,True,1,False,True,False,0.17,0.47,HES-SO Sierre
449,Conthey,1964,46.215601,7.299996,19.7,1.0,room,False,4,True,False,False,0.321,4.99,HES-SO Sion
625,Vétroz,1963,46.223741,7.279153,26.0,1.0,room,True,2,True,True,False,0.227,6.44,HES-SO Sion
564,Fully,1926,46.13674,7.114902,27.9,1.0,room,True,2,False,True,False,0.088,21.59,HES-SO Sion
1667,Leuk,3953,46.321159,7.632199,48.0,2.5,entire_home,True,1,True,True,True,0.213,6.4,HES-SO Loeche
394,Conthey,1964,46.221814,7.304541,20.5,1.0,room,False,3,False,False,False,0.213,4.51,HES-SO Sion
319,Conthey,1964,46.216567,7.298689,16.8,1.0,room,False,1,True,False,False,0.214,5.06,HES-SO Sion
468,Fully,1926,46.143078,7.113459,21.6,1.0,room,True,3,True,True,False,0.61,21.37,HES-SO Sion
1346,Sion,1950,46.22493,7.356964,37.7,1.5,entire_home,False,0,True,False,False,0.097,0.49,HES-SO Sion
1609,St-Maurice,1890,46.217475,6.998152,58.4,3.0,entire_home,False,0,True,True,False,0.325,28.13,HES-SO Sion
1775,Sierre,3960,46.287339,7.532915,62.1,3.0,entire_home,False,1,False,True,False,0.124,0.55,HES-SO Sierre
545,Conthey,1964,46.213335,7.3032,21.9,1.0,room,True,1,False,True,False,0.341,4.82,HES-SO Sion
321,Monthey,1870,46.255509,6.95286,15.3,1.0,room,False,4,False,False,False,0.145,31.75,HES-SO Sion
709,Sierre,3960,46.296336,7.531961,27.0,1.0,room,True,5,True,True,False,0.16,0.57,HES-SO Sierre
407,Fully,1926,46.13624,7.106907,20.3,1.0,room,True,5,False,False,False,0.403,22.16,HES-SO Sion
544,Sierre,3960,46.287804,7.538676,19.1,1.0,room,True,0,True,False,True,0.069,0.51,HES-SO Sierre
490,St-Maurice,1890,46.216882,6.999657,26.5,1.0,room,False,0,False,True,True,0.193,28.02,HES-SO Sion
526,Leuk,3953,46.320546,7.63456,26.0,1.0,room,True,0,False,True,False,0.153,6.48,HES-SO Loeche
383,Visp,3930,46.289215,7.879217,16.7,1.0,room,True,5,True,True,False,0.108,21.85,HES-SO Loeche
438,Brig,3900,46.318563,7.987676,25.7,1.0,room,False,4,True,True,False,0.057,28.59,HES-SO Loeche
292,Martigny,1920,46.106025,7.071734,15.6,1.0,room,False,0,True,True,False,0.173,26.17,HES-SO Sion
1365,Sion,1950,46.22428,7.359239,43.1,3.0,entire_home,False,2,True,False,False,0.146,0.39,HES-SO Sion
536,Visp,3930,46.291539,7.887683,29.2,1.0,room,False,4,True,True,False,0.1,22.32,HES-SO Loeche
546,Vétroz,1963,46.219458,7.280951,29.7,1.0,room,False,5,True,True,False,0.722,6.35,HES-SO Sion
423,Visp,3930,46.292192,7.885027,24.0,1.0,room,True,5,True,False,False,0.068,22.1,HES-SO Loeche
454,Brig,3900,46.316497,7.986114,29.9,1.0,room,False,2,False,False,False,0.13,28.53,HES-SO Loeche
1462,Brig,3900,46.317671,7.978593,50.0,2.5,entire_home,True,4,False,False,False,0.315,27.94,HES-SO Loeche
437,Martigny,1920,46.10674,7.068301,22.7,1.0,room,False,1,True,True,False,0.114,26.36,HES-SO Sion
1058,Riddes,1908,46.171384,7.220652,28.8,2.0,entire_home,True,0,True,False,False,0.073,12.57,HES-SO Sion
450,St-Maurice,1890,46.217988,7.002016,26.7,1.0,room,False,5,True,True,False,0.18,27.83,HES-SO Sion
535,Riddes,1908,46.176316,7.216222,27.0,1.0,room,False,5,True,True,True,0.43,12.62,HES-SO Sion
531,Vétroz,1963,46.219188,7.283264,26.4,1.0,room,True,5,True,False,False,0.733,6.17,HES-SO Sion
565,Riddes,1908,46.175943,7.214536,29.9,1.0,room,True,2,True,False,False,0.457,12.75,HES-SO Sion
318,Brig,3900,46.318745,7.984921,18.4,1.0,room,False,0,False,False,True,0.109,28.38,HES-SO Loeche
370,Visp,3930,46.295324,7.882969,23.9,1.0,room,False,5,False,True,False,0.097,21.81,HES-SO Loeche
532,Conthey,1964,46.218936,7.304288,20.9,1.0,room,True,2,True,False,False,0.087,4.58,HES-SO Sion
297,St-Maurice,1890,46.217345,6.997877,16.9,1.0,room,False,0,True,True,False,0.34,28.15,HES-SO Sion
462,Riddes,1908,46.177175,7.213509,29.0,1.0,room,False,2,True,False,False,0.614,12.76,HES-SO Sion
282,Martigny,1920,46.100468,7.070495,16.3,1.0,room,True,3,False,False,True,0.042,26.58,HES-SO Sion
523,Martigny,1920,46.099495,7.067978,25.9,1.0,room,True,1,True,True,False,0.072,26.8,HES-SO Sion
373,St-Maurice,1890,46.218597,6.997763,23.0,1.0,room,False,4,False,False,True,0.413,28.16,HES-SO Sion
307,Fully,1926,46.140987,7.111481,16.1,1.0,room,True,0,True,False,True,0.584,21.61,HES-SO Sion
1245,Sion,1950,46.225549,7.356687,29.0,1.5,entire_home,False,4,True,False,True,0.13,0.48,HES-SO Sion
555,Sierre,3960,46.29237,7.539581,27.4,1.0,room,False,1,True,False,False,0.358,0.31,HES-SO Sierre
417,Visp,3930,46.294073,7.882942,23.2,1.0,room,False,4,True,True,False,0.091,21.87,HES-SO Loeche
587,Conthey,1964,46.21922,7.3023,27.0,1.0,room,False,3,False,True,True,0.108,4.72,HES-SO Sion
565,Leuk,3953,46.317718,7.637399,27.8,1.0,room,False,2,True,False,True,0.21,6.82,HES-SO Loeche
316,Saxon,1907,46.150651,7.175103,18.6,1.0,room,True,4,True,False,False,0.183,16.77,HES-SO Sion
354,Fully,1926,46.141538,7.108784,25.2,1.0,room,False,2,False,True,False,0.751,21.77,HES-SO Sion
525,Leuk,3953,46.313849,7.637855,28.2,1.0,room,False,1,True,False,False,0.518,7.25,HES-SO Loeche
402,Monthey,1870,46.249262,6.946286,22.0,1.0,room,True,1,True,False,False,0.152,32.2,HES-SO Sion
423,Leuk,3953,46.321707,7.634897,26.2,1.0,room,False,1,False,False,False,0.278,6.36,HES-SO Loeche
1345,Martigny,1920,46.101763,7.06809,41.9,1.5,entire_home,True,5,True,False,True,0.191,26.66,HES-SO Sion
325,Visp,3930,46.297722,7.886685,17.9,1.0,room,False,4,True,False,False,0.311,21.96,HES-SO Loeche
420,Saxon,1907,46.145879,7.17625,24.3,1.0,room,True,0,True,False,False,0.389,16.97,HES-SO Sion
494,Conthey,1964,46.215261,7.297762,20.7,1.0,room,True,4,False,True,False,0.311,5.16,HES-SO Sion
1334,Visp,3930,46.293666,7.884427,41.3,1.5,entire_home,True,5,True,False,False,0.186,21.99,HES-SO Loeche
339,Brig,3900,46.320479,7.980941,20.9,1.0,room,False,5,True,True,False,0.268,28.04,HES-SO Loeche
487,Visp,3930,46.294182,7.885408,26.3,1.0,room,False,5,False,True,True,0.097,22.03,HES-SO Loeche
312,Fully,1926,46.142308,7.11467,16.0,1.0,room,False,2,False,False,False,0.486,21.32,HES-SO Sion
303,St-Maurice,1890,46.221249,7.005825,17.5,1.0,room,False,3,False,False,False,0.175,27.52,HES-SO Sion
310,Leuk,3953,46.31805,7.629893,20.2,1.0,room,False,1,False,False,False,0.111,6.74,HES-SO Loeche
361,Conthey,1964,46.219915,7.295656,16.1,1.0,room,False,1,True,True,False,0.233,5.22,HES-SO Sion
284,Martigny,1920,46.10537,7.069795,15.4,1.0,room,False,2,True,False,False,0.157,26.34,HES-SO Sion
509,Fully,1926,46.138151,7.112054,27.3,1.0,room,True,2,True,False,False,0.33,21.71,HES-SO Sion
443,Fully,1926,46.134876,7.114405,29.2,1.0,room,False,2,False,True,False,0.092,21.72,HES-SO Sion
341,Monthey,1870,46.25449,6.950489,21.8,1.0,room,False,4,True,True,False,0.088,31.92,HES-SO Sion
321,Riddes,1908,46.177149,7.219871,16.2,1.0,room,True,5,False,False,False,0.514,12.32,HES-SO Sion
399,Riddes,1908,46.177171,7.218122,18.5,1.0,room,True,2,True,True,False,0.499,12.44,HES-SO Sion
1666,Vétroz,1963,46.225051,7.281055,63.6,2.5,entire_home,False,4,False,False,False,0.213,6.29,HES-SO Sion
1583,Martigny,1920,46.101667,7.074072,56.0,3.0,entire_home,True,5,True,False,False,0.157,26.27,HES-SO Sion
453,Vétroz,1963,46.223091,7.280985,19.7,1.0,room,True,1,False,False,False,0.351,6.3,HES-SO Sion
1731,Monthey,1870,46.249611,6.950711,62.4,2.5,entire_home,True,1,True,True,False,0.218,31.86,HES-SO Sion
553,Riddes,1908,46.176073,7.2194,28.0,1.0,room,False,2,True,True,False,0.389,12.41,HES-SO Sion
563,Monthey,1870,46.249594,6.947786,29.5,1.0,room,True,5,True,False,False,0.047,32.09,HES-SO Sion
316,Martigny,1920,46.103863,7.073683,23.0,1.0,room,False,2,False,True,False,0.2,26.17,HES-SO Sion
545,Conthey,1964,46.213811,7.295976,27.0,1.0,room,False,3,True,False,False,0.468,5.34,HES-SO Sion
314,Martigny,1920,46.100553,7.074742,22.2,1.0,room,False,5,False,False,False,0.228,26.3,HES-SO Sion
1155,Fully,1926,46.141612,7.110405,38.2,1.5,entire_home,False,5,True,True,False,0.69,21.65,HES-SO Sion
1238,Leuk,3953,46.317298,7.633131,31.4,2.0,entire_home,True,0,True,False,False,0.155,6.83,HES-SO Loeche
367,Vétroz,1963,46.225928,7.287866,17.4,1.0,room,True,5,True,False,False,0.129,5.76,HES-SO Sion
575,Visp,3930,46.291134,7.87918,27.0,1.0,room,True,2,True,True,False,0.265,21.75,HES-SO Loeche
432,Riddes,1908,46.175298,7.212594,29.8,1.0,room,False,0,False,False,False,0.511,12.92,HES-SO Sion
506,Leuk,3953,46.312047,7.634338,24.0,1.0,room,True,2,False,True,True,0.661,7.42,HES-SO Loeche
632,Sion,1950,46.228867,7.355988,25.4,1.0,room,False,0,False,True,True,0.21,0.54,HES-SO Sion
1345,Conthey,1964,46.217887,7.29667,43.6,2.5,entire_home,False,3,False,False,False,0.016,5.18,HES-SO Sion
1859,Saxon,1907,46.154355,7.173727,64.7,2.5,entire_home,True,5,True,False,True,0.503,16.66,HES-SO Sion
466,Martigny,1920,46.104272,7.068612,23.4,1.0,room,True,1,True,False,False,0.209,26.48,HES-SO Sion
465,Riddes,1908,46.167874,7.220065,19.9,1.0,room,True,1,True,True,False,0.374,12.81,HES-SO Sion
401,Sion,1950,46.223082,7.354658,16.2,1.0,room,True,4,False,False,False,0.186,0.75,HES-SO Sion
324,Martigny,1920,46.103952,7.073603,16.2,1.0,room,True,5,False,True,False,0.2,26.17,HES-SO Sion
645,Sierre,3960,46.292016,7.536777,27.3,1.0,room,True,1,False,True,False,0.261,0.09,HES-SO Sierre
325,Riddes,1908,46.17013,7.216531,17.5,1.0,room,False,0,False,True,True,0.284,12.92,HES-SO Sion
515,Fully,1926,46.142204,7.112582,24.2,1.0,room,True,0,True,True,False,0.626,21.47,HES-SO Sion
717,Sierre,3960,46.295252,7.53729,25.6,1.0,room,True,1,True,True,False,0.198,0.39,HES-SO Sierre
421,Saxon,1907,46.146712,7.180187,24.2,1.0,room,False,2,True,True,False,0.485,16.67,HES-SO Sion
690,Sion,1950,46.231122,7.357102,28.4,1.0,room,False,3,True,True,False,0.037,0.62,HES-SO Sion
442,Sion,1950,46.222697,7.354884,22.2,1.0,room,False,0,False,False,False,0.194,0.76,HES-SO Sion
1033,Monthey,1870,46.255785,6.94453,30.8,2.0,entire_home,True,5,False,False,False,0.064,32.39,HES-SO Sion
540,Monthey,1870,46.255357,6.950499,28.1,1.0,room,False,1,True,True,True,0.168,31.93,HES-SO Sion
269,St-Maurice,1890,46.214986,7.005525,19.9,1.0,room,False,5,False,False,False,0.056,27.57,HES-SO Sion
1291,Leuk,3953,46.319792,7.635114,41.4,2.0,entire_home,False,2,False,True,False,0.138,6.57,HES-SO Loeche
303,Fully,1926,46.13356,7.108316,17.4,1.0,room,True,5,False,True,False,0.178,22.2,HES-SO Sion
612,St-Maurice,1890,46.216886,6.999557,29.9,1.0,room,False,0,True,True,True,0.201,28.02,HES-SO Sion
440,Visp,3930,46.293056,7.883293,22.4,1.0,room,True,3,True,False,False,0.139,21.94,HES-SO Loeche
269,Brig,3900,46.321401,7.978804,16.1,1.0,room,False,0,False,True,True,0.313,27.85,HES-SO Loeche
1595,Fully,1926,46.141113,7.110181,61.0,3.0,entire_home,False,0,True,False,False,0.66,21.69,HES-SO Sion
663,Sion,1950,46.223626,7.357623,26.1,1.0,room,True,3,True,False,False,0.079,0.53,HES-SO Sion
1695,Conthey,1964,46.214069,7.301715,55.7,2.5,entire_home,True,3,True,False,True,0.313,4.91,HES-SO Sion
533,Riddes,1908,46.173698,7.216031,25.9,1.0,room,False,3,True,True,False,0.193,12.76,HES-SO Sion
534,Martigny,1920,46.097022,7.070851,28.1,1.0,room,False,1,False,True,True,0.133,26.76,HES-SO Sion
515,Visp,3930,46.292924,7.886818,29.9,1.0,room,False,1,True,False,False,0.164,22.19,HES-SO Loeche
539,Martigny,1920,46.098207,7.075822,28.7,1.0,room,True,3,False,True,False,0.104,26.37,HES-SO Sion
524,Sion,1950,46.231866,7.361875,27.5,1.0,room,False,0,False,True,False,0.047,0.54,HES-SO Sion
1597,Sion,1950,46.227904,7.353986,43.3,3.0,entire_home,True,3,True,True,True,0.282,0.66,HES-SO Sion
334,Saxon,1907,46.150405,7.179127,22.4,1.0,room,False,5,False,True,False,0.131,16.52,HES-SO Sion
323,Brig,3900,46.321405,7.982828,16.5,1.0,room,False,4,False,False,False,0.229,28.15,HES-SO Loeche
319,Conthey,1964,46.218326,7.297009,20.4,1.0,room,False,1,False,True,False,0.041,5.14,HES-SO Sion
311,Saxon,1907,46.154152,7.172078,16.4,1.0,room,False,0,True,False,False,0.54,16.78,HES-SO Sion
351,Vétroz,1963,46.222706,7.284672,18.9,1.0,room,False,4,False,True,False,0.343,6.02,HES-SO Sion
310,Sion,1950,46.226409,7.354031,15.1,1.0,room,False,0,True,False,False,0.25,0.66,HES-SO Sion
594,Visp,3930,46.296394,7.885506,29.5,1.0,room,True,2,False,False,True,0.16,21.94,HES-SO Loeche
451,Saxon,1907,46.151795,7.178948,28.3,1.0,room,False,5,True,False,False,0.172,16.45,HES-SO Sion
1608,Sion,1950,46.231865,7.357376,48.4,2.5,entire_home,True,5,True,False,True,0.108,0.67,HES-SO Sion
319,Riddes,1908,46.176104,7.215731,17.2,1.0,room,False,4,True,True,False,0.423,12.66,HES-SO Sion
1205,Visp,3930,46.297835,7.879345,40.0,1.5,entire_home,False,5,True,False,True,0.08,21.44,HES-SO Loeche
251,Monthey,1870,46.248301,6.94944,17.5,1.0,room,False,0,False,True,True,0.222,31.95,HES-SO Sion
401,Brig,3900,46.317669,7.986037,23.0,1.0,room,False,0,False,False,True,0.116,28.49,HES-SO Loeche
553,St-Maurice,1890,46.217579,6.9983,27.7,1.0,room,True,3,True,False,False,0.319,28.12,HES-SO Sion
369,Leuk,3953,46.312919,7.631212,23.4,1.0,room,False,2,False,False,False,0.517,7.31,HES-SO Loeche
291,Riddes,1908,46.173683,7.216049,16.7,1.0,room,True,1,True,False,False,0.191,12.76,HES-SO Sion
1355,Saxon,1907,46.150537,7.176511,44.5,2.5,entire_home,False,2,True,False,True,0.075,16.69,HES-SO Sion
1467,St-Maurice,1890,46.217228,7.005213,47.9,2.5,entire_home,False,0,False,True,True,0.056,27.59,HES-SO Sion
1236,Saxon,1907,46.146325,7.175439,34.8,2.0,entire_home,True,1,True,True,False,0.318,17.0,HES-SO Sion
1399,Riddes,1908,46.169632,7.218154,44.4,2.0,entire_home,False,2,True,True,True,0.305,12.84,HES-SO Sion
312,St-Maurice,1890,46.217717,6.996975,18.8,1.0,room,False,2,True,True,False,0.419,28.22,HES-SO Sion
469,Leuk,3953,46.31588,7.635302,22.3,1.0,room,True,3,False,True,False,0.37,7.0,HES-SO Loeche
309,Saxon,1907,46.151603,7.170932,17.0,1.0,room,True,3,True,False,False,0.313,17.0,HES-SO Sion
486,Sierre,3960,46.289798,7.537459,25.6,1.0,room,False,1,False,False,False,0.035,0.27,HES-SO Sierre
315,Saxon,1907,46.144708,7.171863,17.8,1.0,room,False,4,False,True,False,0.506,17.33,HES-SO Sion
1305,Riddes,1908,46.176171,7.217779,35.5,1.5,entire_home,True,4,True,True,True,0.389,12.52,HES-SO Sion
430,Vétroz,1963,46.220941,7.283475,18.7,1.0,room,True,1,False,True,False,0.537,6.13,HES-SO Sion
516,Saxon,1907,46.152915,7.171725,28.0,1.0,room,False,0,True,True,False,0.414,16.87,HES-SO Sion
335,Riddes,1908,46.173173,7.211844,18.2,1.0,room,False,5,True,False,False,0.47,13.08,HES-SO Sion
252,Monthey,1870,46.247982,6.950856,20.9,1.0,room,False,4,False,True,False,0.251,31.84,HES-SO Sion
1251,Martigny,1920,46.098,7.073495,44.0,2.5,entire_home,False,5,False,False,False,0.179,26.53,HES-SO Sion
379,Monthey,1870,46.253935,6.945124,19.8,1.0,room,False,0,False,True,True,0.172,32.33,HES-SO Sion
421,Martigny,1920,46.104857,7.074422,26.7,1.0,room,False,4,False,True,False,0.113,26.06,HES-SO Sion
292,Brig,3900,46.320479,7.982928,19.3,1.0,room,False,2,False,True,False,0.139,28.19,HES-SO Loeche
1190,Vétroz,1963,46.21782,7.280806,33.6,2.0,entire_home,False,5,True,True,False,0.897,6.38,HES-SO Sion
530,Conthey,1964,46.218316,7.303126,21.6,1.0,room,True,1,True,False,False,0.143,4.68,HES-SO Sion
537,Conthey,1964,46.216721,7.302752,21.5,1.0,room,True,2,False,True,False,0.102,4.75,HES-SO Sion
512,Conthey,1964,46.212906,7.298639,20.6,1.0,room,True,5,True,True,False,0.567,5.17,HES-SO Sion
1123,Visp,3930,46.293664,7.884258,33.5,2.0,entire_home,False,3,False,True,True,0.187,21.98,HES-SO Loeche
438,Fully,1926,46.135417,7.108344,24.1,1.0,room,True,4,False,False,False,0.26,22.11,HES-SO Sion
318,Fully,1926,46.141916,7.106099,23.9,1.0,room,True,0,False,False,False,0.88,21.94,HES-SO Sion
437,Vétroz,1963,46.218738,7.284537,21.7,1.0,room,True,5,False,False,False,0.781,6.08,HES-SO Sion
1549,Martigny,1920,46.102164,7.070829,56.7,3.0,entire_home,False,1,True,True,False,0.083,26.46,HES-SO Sion
